{"cameraMode":{"drawMode":0,"name":"Shaded","section":"Shading Mode"},"sceneLighting":true,"audioPlay":false,"sceneViewState":{"showFog":true,"showMaterialUpdate":false,"showSkybox":true,"showFlares":true,"showImageEffects":true,"showParticleSystems":true},"in2DMode":false,"pivot":{"x":4.8131232261657719,"y":0.8348581790924072,"z":5458.78076171875},"rotation":{"x":-0.10083916783332825,"y":-0.35826101899147036,"z":0.038957394659519199,"w":-0.927341878414154},"size":16.316835403442384,"orthographic":false}